Min,1Q,Median,3Q,Max
-1.621401436851454e+20,-3.939645388120386e+18,-7.479582452220442e+17,3.0448708897092465e+18,2.2485944495003283e+19
