Sigma naive,Sigma cor,MSE,MAE,RMSE
3.010764709633913e+37,3.012593507934317e+37,3.010764709633913e+37,4.148123595988472e+18,5.487043566105442e+18
