Coef,Estimate,Std. error,t value,p value
Intercept,54408.705237703885,3717.1620872150675,14.637162426906004,0.0000e+00
x1,226.5700326799883,1.6692955639298832,135.7279307365997,0.0000e+00
