Coef,Estimate,Std. error,t value,p value
Intercept,-60894334.23106358,3301922.409817729,-18.44208514712647,0.0000e+00
x1,287.8300213792826,1.9607920089160646,146.79273480841877,0.0000e+00
x2,620.2797989858792,33.65798874580325,18.428902679552433,0.0000e+00
